<?xml version="1.0"?>
<CameraRoot>
<CameraInstance>
<prop-camera-name>PrimaryCamera</prop-camera-name>
<prop-camera-adapter-dll-name>libomxcameraadapter.so</prop-camera-adapter-dll-name>
<prop-sensor-index>0</prop-sensor-index>
<prop-revision>257</prop-revision>
<prop-required-preview-bufs>6</prop-required-preview-bufs>
<prop-required-image-bufs>1</prop-required-image-bufs>
<prop-focal-length>4.6</prop-focal-length>
<prop-horizontal-angle>62.1</prop-horizontal-angle>
<prop-vertical-angle>48.2</prop-vertical-angle>
<prop-orientation>90</prop-orientation>
<prop-facing>back</prop-facing>
<prop-s3d-supported>false</prop-s3d-supported>
<prop-preview-size-values>128x96,160x120,176x144,240x160,352x288,320x240,640x480,768x576,720x480,720x576,800x480,864x480,1280x720,1920x1080</prop-preview-size-values>
<prop-preview-format-values>yuv422i-yuyv,yuv420sp,rgb565</prop-preview-format-values>
<prop-preview-frame-rate-values>30,25,24,20,15,10</prop-preview-frame-rate-values>
<prop-framerate-range-values>(5000,15000),(10000,20000),(12000,30000),(15000,30000),(20000,30000)</prop-framerate-range-values>
<prop-zoom-ratios>100,104,107,111,115,119,123,127,132,137,141,146,152,157,162,168,174,180,187,193,200,207,214,222,230,238,246,255,264,273,283,293,303,314,325,336,348,361,373,386,400,414,429,444,459,476,492,510,528,546,566,586,606,628,650,673,696,721,746,773,800</prop-zoom-ratios>
<prop-zoom-stages>60</prop-zoom-stages>
<prop-zoom-supported>true</prop-zoom-supported>
<prop-smooth-zoom-supported>true</prop-smooth-zoom-supported>
<prop-picture-size-values>320x240,640x480,1280x960,1600x1200,2048x1536,2592x1936,3264x1840,3264x2448</prop-picture-size-values>
<prop-picture-format-values>jpeg,yuv422i-yuyv,yuv420sp,rgb565,raw</prop-picture-format-values>
<prop-jpeg-thumbnail-size-values>0x0,96x96,176x144,352x144,512x384,320x240,200x120,160x120</prop-jpeg-thumbnail-size-values>
<prop-whitebalance-values>auto,daylight,cloudy-daylight,shade,tungsten,fluorescent,incandescent,horizon,face-priority,sunset,twilight,warm-fluorescent,sun,cloudy,flash,night-normal</prop-whitebalance-values>
<prop-effect-values>none,negative,solarize,sepia,mono,natural,vivid,colourswap,blackwhite,whiteboard,blackboard,aqua,posterize,red-tint,green-tint,blue-tint</prop-effect-values>
<prop-antibanding-values>off,auto,50hz,60hz</prop-antibanding-values>
<prop-exposure-mode-values>off,auto,night,backlighting,spotlight,sports,snow,beach,aperture,smallaperture,face-priority</prop-exposure-mode-values>
<prop-ipp-values>gbce,ldc-nsf,off</prop-ipp-values>
<prop-ev-compensation-min>-30</prop-ev-compensation-min>
<prop-ev-compensation-max>30</prop-ev-compensation-max>
<prop-ev-compensation-step>0.1</prop-ev-compensation-step>
<prop-iso-mode-values>auto,100,200,400,800,1000,1200,1600</prop-iso-mode-values>
<prop-focus-mode-values>fixed,auto,infinity,macro,continuous,extended,portrait,touch,face-priority</prop-focus-mode-values>
<prop-scene-mode-values>auto,manual,sport,closeup,portrait,landscape,underwater,action,snow-beach,mood,night-portrait,night-indoor,fireworks,document,barcode,supernight,cine,oldfilm,beach,candlelight,night,party,snow,steadyphoto,sunset,theatre,night-landscape,whiteboard</prop-scene-mode-values>
<prop-flash-mode-values>off,on,auto,torch</prop-flash-mode-values>
<prop-s3d2d-preview-values>0</prop-s3d2d-preview-values>
<prop-auto-convergence-mode>0</prop-auto-convergence-mode>
<prop-auto-convergence>0</prop-auto-convergence>
<prop-manual-convergence-values>0</prop-manual-convergence-values>
<prop-vstab-values>0,1</prop-vstab-values>
<prop-vnf-values>0,1</prop-vnf-values>
<prop-manual-gain-modes>0</prop-manual-gain-modes>
<prop-preview-size-default>640x480</prop-preview-size-default>
<prop-preview-format-default>yuv420sp</prop-preview-format-default>
<prop-zoom-default>0</prop-zoom-default>
<prop-picture-size-default>3264x2448</prop-picture-size-default>
<prop-picture-format-default>jpeg</prop-picture-format-default>
<prop-jpeg-thumbnail-size-default>320x240</prop-jpeg-thumbnail-size-default>
<prop-jpeg-thumbnail-quality-default>60</prop-jpeg-thumbnail-quality-default>
<prop-whitebalance-default>auto</prop-whitebalance-default>
<prop-effect-default>none</prop-effect-default>
<prop-antibanding-default>auto</prop-antibanding-default>
<prop-exposure-mode-default>auto</prop-exposure-mode-default>
<prop-preview-frame-rate-default>30</prop-preview-frame-rate-default>
<prop-framerate-range-default>12000,30000</prop-framerate-range-default>
<prop-ipp-default>ldc-nsf</prop-ipp-default>
<prop-ev-compensation-default>0</prop-ev-compensation-default>
<prop-focus-mode-default>auto</prop-focus-mode-default>
<prop-iso-mode-default>auto</prop-iso-mode-default>
<prop-scene-mode-default>auto</prop-scene-mode-default>
<prop-jpeg-quality-default>95</prop-jpeg-quality-default>
<prop-brightness-default>50</prop-brightness-default>
<prop-contrast-default>100</prop-contrast-default>
<prop-saturation-default>100</prop-saturation-default>
<prop-sharpness-default>100</prop-sharpness-default>
<prop-vstab-default>0</prop-vstab-default>
<prop-vnf-default>1</prop-vnf-default>
<prop-flash-mode-default>off</prop-flash-mode-default>
<prop-s3d2d-preview>0</prop-s3d2d-preview>
<prop-exif-make>default_make</prop-exif-make>
<prop-exif-model>default_model</prop-exif-model>
</CameraInstance>
<CameraInstance>
<prop-camera-name>SecondaryCamera</prop-camera-name>
<prop-camera-adapter-dll-name>libomxcameraadapter.so</prop-camera-adapter-dll-name>
<prop-sensor-index>1</prop-sensor-index>
<prop-revision>257</prop-revision>
<prop-required-preview-bufs>2</prop-required-preview-bufs>
<prop-required-image-bufs>1</prop-required-image-bufs>
<prop-focal-length>4.76</prop-focal-length>
<prop-horizontal-angle>60.4</prop-horizontal-angle>
<prop-vertical-angle>48.2</prop-vertical-angle>
<prop-orientation>270</prop-orientation>
<prop-facing>front</prop-facing>
<prop-s3d-supported>false</prop-s3d-supported>
<prop-preview-size-values>128x96,160x120,176x144,240x160,352x288,320x240,640x480</prop-preview-size-values>
<prop-preview-format-values>yuv422i-yuyv,yuv420sp,rgb565</prop-preview-format-values>
<prop-preview-frame-rate-values>30,25,24,20,15,10</prop-preview-frame-rate-values>
<prop-zoom-ratios>100</prop-zoom-ratios>
<prop-zoom-stages>0</prop-zoom-stages>
<prop-zoom-supported>false</prop-zoom-supported>
<prop-smooth-zoom-supported>false</prop-smooth-zoom-supported>
<prop-picture-size-values>320x240,640x480</prop-picture-size-values>
<prop-picture-format-values>jpeg,yuv422i-yuyv,yuv420sp,rgb565,raw</prop-picture-format-values>
<prop-jpeg-thumbnail-size-values>0x0,96x96,176x144,352x144,512x384,320x240,200x120,160x120</prop-jpeg-thumbnail-size-values>
<prop-whitebalance-values>auto,daylight,cloudy-daylight,shade,tungsten,fluorescent,incandescent,horizon,face-priority,sunset,twilight,warm-fluorescent,sun,cloudy,flash,night-normal</prop-whitebalance-values>
<prop-antibanding-values>off,auto,50hz,60hz</prop-antibanding-values>
<prop-exposure-mode-values>off,auto,night,backlighting,spotlight,sports,snow,beach,aperture,smallaperture,face-priority</prop-exposure-mode-values>
<prop-ipp-values>ldc-nsf,off</prop-ipp-values>
<prop-iso-mode-values>auto,100,200,400,800,1000,1200,1600</prop-iso-mode-values>
<prop-focus-mode-values>fixed</prop-focus-mode-values>
<prop-scene-mode-values>auto,manual,sport,closeup,portrait,landscape,underwater,action,snow-beach,mood,night-portrait,night-indoor,fireworks,document,barcode,supernight,cine,oldfilm,beach,candlelight,night,party,snow,steadyphoto,sunset,theatre,night-landscape,whiteboard</prop-scene-mode-values>
<prop-flash-mode-values>null</prop-flash-mode-values>
<prop-s3d2d-preview-values>0</prop-s3d2d-preview-values>
<prop-s3d2d-preview>0</prop-s3d2d-preview>
<prop-auto-convergence-mode>0</prop-auto-convergence-mode>
<prop-auto-convergence>0</prop-auto-convergence>
<prop-manual-convergence-values>0</prop-manual-convergence-values>
<prop-vstab-values>0,1</prop-vstab-values>
<prop-vnf-values>0,1</prop-vnf-values>
<prop-preview-size-default>640x480</prop-preview-size-default>
<prop-zoom-default>0</prop-zoom-default>
<prop-preview-frame-rate-default>30</prop-preview-frame-rate-default>
<prop-preview-format-default>yuv420sp</prop-preview-format-default>
<prop-picture-size-default>640x480</prop-picture-size-default>
<prop-picture-format-default>jpeg</prop-picture-format-default>
<prop-jpeg-thumbnail-size-default>320x240</prop-jpeg-thumbnail-size-default>
<prop-jpeg-thumbnail-quality-default>60</prop-jpeg-thumbnail-quality-default>
<prop-whitebalance-default>auto</prop-whitebalance-default>
<prop-antibanding-default>auto</prop-antibanding-default>
<prop-exposure-mode-default>auto</prop-exposure-mode-default>
<prop-ipp-default>ldc-nsf</prop-ipp-default>
<prop-ev-compensation-default>0</prop-ev-compensation-default>
<prop-iso-mode-default>auto</prop-iso-mode-default>
<prop-focus-mode-default>fixed</prop-focus-mode-default>
<prop-scene-mode-default>auto</prop-scene-mode-default>
<prop-jpeg-quality-default>95</prop-jpeg-quality-default>
<prop-brightness-default>50</prop-brightness-default>
<prop-contrast-default>100</prop-contrast-default>
<prop-saturation-default>100</prop-saturation-default>
<prop-sharpness-default>100</prop-sharpness-default>
<prop-vstab-default>0</prop-vstab-default>
<prop-vnf-default>1</prop-vnf-default>
<prop-framerate-range-default>24000,30000</prop-framerate-range-default>
<prop-framerate-range-values>(24000,30000)</prop-framerate-range-values>
<prop-flash-mode-default>null</prop-flash-mode-default>
<prop-exif-make>default_make</prop-exif-make>
<prop-exif-model>default_model</prop-exif-model>
</CameraInstance>
</CameraRoot>
