<config>
    <vsuite_feature_dialing_region value="North American"/>
    <vsuite_feature_language_data_dir value="/system/tts/nuance"/>
    <vsuite_feature_proximity_sensor_enabled value="true"/>
    <vsuite_feature_check_balance value="enabled"/>
    <vsuite_feature_check_minutes value="enabled"/>
    <vsuite_feature_check_payment value="enabled"/>
    <vsuite_feature_check_missed_calls_custom_enabled value="true"/>
    <vsuite_feature_phonebook_resync_delay value="15000"/>
    <vsuite_feature_playList_picker_intent value="android.intent.action.PICK"/>
    <vsuite_feature_wakelock_use_on_after_release value="true"/>
</config>




